<?xml version="1.0" encoding="UTF-8" ?>
<!DOCTYPE log4j:configuration SYSTEM "http://logging.apache.org/log4j/1.2/apidocs/org/apache/log4j/xml/doc-files/log4j.dtd">
<log4j:configuration xmlns:log4j="http://jakarta.apache.org/log4j/">

	<appender name="console" class="org.apache.log4j.ConsoleAppender">
		<param name="Target" value="System.out" />
		<layout class="org.apache.log4j.EnhancedPatternLayout">
			<param name="ConversionPattern" value="[%-5p] (%d{DATE}) - %m%n" />
		</layout>
		<filter class="org.apache.log4j.varia.LevelRangeFilter">
			<param name="levelMin" value="INFO" />
			<param name="levelMax" value="FATAL" />
			<param name="acceptOnMatch" value="true"/>
		</filter>
		 <filter class="org.apache.log4j.varia.DenyAllFilter" />
	</appender>
	
	<appender name="rolling" class="org.apache.log4j.RollingFileAppender">
		<param name="file" value="logs/all.log"/>
		<layout class="org.apache.log4j.EnhancedPatternLayout">
			<param name="ConversionPattern" value="[%-5p] (%d{DATE}) - %m%n" />
		</layout>
	</appender>
	
	<appender name="error" class="org.apache.log4j.RollingFileAppender">
		<param name="file" value="logs/error.log"/>
		<layout class="org.apache.log4j.EnhancedPatternLayout">
			<param name="ConversionPattern" value="[%-5p] (%d{DATE}) - %m%n%throwable%n" />
		</layout>
		<filter class="org.apache.log4j.varia.LevelRangeFilter">
			<param name="levelMin" value="ERROR"/>
			<param name="levelMax" value="FATAL"/>
			<param name="acceptOnMatch" value="true"/>
		</filter>
		<filter class="org.apache.log4j.varia.DenyAllFilter" />
	</appender>
	
	<!-- TODO: Database logger? RabbitMQ logger? -->

	<root>
		<priority value="ALL" />
		<appender-ref ref="console" />
		<appender-ref ref="rolling"/>
		<appender-ref ref="error"/>
	</root>

</log4j:configuration>