<?xml version="1.0" encoding="UTF-8"?>
<beans xmlns="http://www.springframework.org/schema/beans"
	xmlns:xsi="http://www.w3.org/2001/XMLSchema-instance"
	xmlns:context="http://www.springframework.org/schema/context"
	xmlns:tx="http://www.springframework.org/schema/tx"
	xmlns:mongo="http://www.springframework.org/schema/data/mongo"
	xsi:schemaLocation="http://www.springframework.org/schema/data/mongo http://www.springframework.org/schema/data/mongo/spring-mongo.xsd
		http://www.springframework.org/schema/beans http://www.springframework.org/schema/beans/spring-beans.xsd
		http://www.springframework.org/schema/tx http://www.springframework.org/schema/tx/spring-tx-3.1.xsd
		http://www.springframework.org/schema/context http://www.springframework.org/schema/context/spring-context.xsd">

	<!-- I'm configuring this manually to make sure property place holders don't cause problems with Cloud Foundry auto-configuration -->
	<bean id="dataSource" class="org.apache.commons.dbcp.BasicDataSource" destroy-method="close">
		<property name="driverClassName" value="org.h2.Driver"/>
		<property name="url" value="jdbc:h2:file:target/data/test"/>
		<property name="username" value="sa"/>
		<property name="password" value=""/>
	</bean>
	
	<bean id="emf" class="org.springframework.orm.jpa.LocalContainerEntityManagerFactoryBean" depends-on="org.springframework.context.config.internalBeanConfigurerAspect">
		<property name="dataSource" ref="dataSource"/>
		<property name="jpaDialect" ref="jpaDialect"/>
		<property name="packagesToScan" value="org.roguepanda.mod.domain"/>
		<property name="persistenceProvider">
			<bean class="org.hibernate.ejb.HibernatePersistence"/>
		</property>
		<property name="jpaProperties">
			<props>
				<prop key="hibernate.ejb.naming_strategy">org.hibernate.cfg.ImprovedNamingStrategy</prop>
				<prop key="hibernate.show_sql">true</prop>
				<prop key="hibernate.hbm2ddl.auto">update</prop>
				<prop key="hibernate.globally_quoted_identifiers">true</prop>
			</props>
		</property>
	</bean>
	
	<bean id="jpaDialect" class="org.springframework.orm.jpa.vendor.HibernateJpaDialect"/>
	
	<bean id="transactionManager" class="org.springframework.orm.jpa.JpaTransactionManager">
		<property name="jpaDialect">
			<bean class="org.springframework.orm.jpa.vendor.HibernateJpaDialect"/>
		</property>
		<property name="entityManagerFactory" ref="emf"/>
	</bean>
	
	<tx:annotation-driven transaction-manager="transactionManager" mode="aspectj"/>
	
	<mongo:db-factory id="mongoDbFactory" dbname="mod-repo" host="localhost" port="27017"/>
	
</beans>
