<?xml version="1.0" encoding="UTF-8"?>
<beans xmlns="http://www.springframework.org/schema/beans"
	xmlns:xsi="http://www.w3.org/2001/XMLSchema-instance"
	xmlns:context="http://www.springframework.org/schema/context"
	xmlns:jpa="http://www.springframework.org/schema/data/jpa"
	xmlns:task="http://www.springframework.org/schema/task"
	xsi:schemaLocation="http://www.springframework.org/schema/task http://www.springframework.org/schema/task/spring-task-3.1.xsd
		http://www.springframework.org/schema/beans http://www.springframework.org/schema/beans/spring-beans-3.1.xsd
		http://www.springframework.org/schema/data/jpa http://www.springframework.org/schema/data/jpa/spring-jpa.xsd
		http://www.springframework.org/schema/context http://www.springframework.org/schema/context/spring-context.xsd">

	<jpa:repositories base-package="org.roguepanda.mod.repository"
		entity-manager-factory-ref="emf"
		transaction-manager-ref="transactionManager"/>
	
	<context:spring-configured/>
	
	<context:component-scan base-package="org.roguepanda.mod.search"/>
	
	<context:component-scan base-package="org.roguepanda.mod.file"/>
	
	<bean id="validator" class="org.springframework.validation.beanvalidation.LocalValidatorFactoryBean"/>
	
	<bean id="accountService" class="org.roguepanda.mod.auth.AccountService"/>
	
	<task:annotation-driven/>
	
	<task:scheduler id="scheduler" pool-size="5"/>
	
</beans>
